experiment,model_family,config_name,include_usd_idr,selected_from_validation,n,mae,rmse,r2,smape_pct,median_absolute_error,bias,directional_accuracy_pct,directional_n
Naif Persistensi (0%),Baseline,baseline,False,True,5340,5.271086850581855,12.136308651398164,-0.0008254622510284193,197.71534962390555,1.476989140225765,-0.34854274622033143,,0
XGBoost | dengan USD/IDR | xgb_regularized,XGBoost,xgb_regularized,True,True,5340,5.33761501741405,11.698248498138998,0.07012021809453839,142.2591892458188,1.7147283191124223,-0.5528453725638347,57.05626065542716,5279
Random Forest | tanpa USD/IDR | rf_regularized,Random Forest,rf_regularized,False,True,5340,5.538375675479792,12.308442449748899,-0.029416959043041757,148.52354649551054,1.501942548692592,-0.4818813778157854,56.620572078045086,5279
XGBoost | tanpa USD/IDR | xgb_regularized,XGBoost,xgb_regularized,False,True,5340,5.617660487367157,12.09366364362769,0.006195655156761459,144.37855856606038,1.828384776083972,-1.1302080337594476,55.35139230914946,5279
Random Forest | dengan USD/IDR | rf_regularized,Random Forest,rf_regularized,True,True,5340,6.251305118588451,13.89479249576143,-0.3118653183698805,151.71619633194706,1.6896535492285516,0.37841426122592037,56.37431331691608,5279
Naif Momentum (Δt-1),Baseline,baseline,False,True,5340,9.199560569059582,21.23837187011599,-2.0649794108041406,149.09591370263496,2.397423091800982,1.8859017844337005,48.36315188427864,5254
