experiment,skenario,n,mae,rmse,r2,smape_pct,median_absolute_error,bias,directional_accuracy_pct,directional_n
Random Forest | tanpa USD/IDR | rf_regularized,seluruh_test,5340,5.538375675479792,12.308442449748899,-0.029416959043041757,148.52354649551054,1.501942548692592,-0.4818813778157854,56.620572078045086,5279
Random Forest | tanpa USD/IDR | rf_regularized,tanpa_target_extrem,5230,5.122652867323183,11.065174703101174,-0.0574877921173258,147.98748913664116,1.4342822819461314,-0.12812958306800404,56.54865544592764,5169
Naif Persistensi (0%),seluruh_test,5340,5.271086850581855,12.136308651398164,-0.0008254622510284193,197.71534962390555,1.476989140225765,-0.34854274622033143,,0
Naif Persistensi (0%),tanpa_target_extrem,5230,4.839845711457702,10.760210331311216,-7.675372852844475e-07,197.66729770782678,1.4220756721877559,0.009426931143657063,,0
Naif Momentum (Δt-1),seluruh_test,5340,9.199560569059582,21.23837187011599,-2.0649794108041406,149.09591370263496,2.397423091800982,1.8859017844337005,48.36315188427864,5254
Naif Momentum (Δt-1),tanpa_target_extrem,5230,8.755507328260416,20.38002025567563,-2.587302785171189,148.8993198366295,2.29691266285415,2.241362596332052,48.53312609286963,5147
