kelompok_fitur,mean_abs_shap
Riwayat harga/musiman,6.329027770260051
Komoditas,1.110178176981022
Provinsi,0.05969123070721253
Level harga,0.04451474513371326
